<?xml version="1.0" encoding="UTF-8"?>

<?xml-model href="../data-model/table1.rng" type="application/xml" schematypens="http://relaxng.org/ns/structure/1.0"?>
<?xml-model href="../data-model/table1.sch" type="application/xml" schematypens="http://purl.oclc.org/dsdl/schematron"?>

<Table>
    <Dimensions>
        <Dimension>
            <Id>1</Id>
            <Title>Postes</Title>
            <Rubrics>
                <Rubric>
                    <Id>11</Id>
                    <Title>Terrain</Title>
                    <Rubrics>
                        <Rubric>
                            <Id>111</Id>
                            <Title>Etude de sol</Title>
                        </Rubric>
                        <Rubric>
                            <Id>112</Id>
                            <Title>Terrassement</Title>
                        </Rubric>
                        <Rubric>
                            <Id>113</Id>
                            <Title>Aménagement extérieur</Title>
                            <Rubrics>
                                <Rubric>
                                    <Id>1131</Id>
                                    <Title>Apport terre</Title>
                                </Rubric>
                                <Rubric>
                                    <Id>1132</Id>
                                    <Title>Arbres</Title>
                                </Rubric>
                                <Rubric>
                                    <Id>1133</Id>
                                    <Title>Gazon</Title>
                                </Rubric>
                            </Rubrics>
                        </Rubric>
                    </Rubrics>
                </Rubric>
                <Rubric>
                    <Id>12</Id>
                    <Title>Permis construction</Title>
                    <Rubrics>
                        <Rubric>
                            <Id>121</Id>
                            <Title>Plan de situation</Title>
                        </Rubric>
                        <Rubric>
                            <Id>122</Id>
                            <Title>Emolument communal</Title>
                        </Rubric>
                        <Rubric>
                            <Id>123</Id>
                            <Title>Publication feuille officielle</Title>
                        </Rubric>
                        <Rubric>
                            <Id>124</Id>
                            <Title>Gabarits</Title>
                        </Rubric>
                    </Rubrics>
                </Rubric>
                <Rubric>
                    <Id>13</Id>
                    <Title>Maçonnerie</Title>
                </Rubric>
            </Rubrics>
        </Dimension>
        <Dimension>
            <Id>2</Id>
            <Title>Finances</Title>
            <Rubrics>
                <Rubric>
                    <Id>21</Id>
                    <Title>Budget</Title>
                </Rubric>
                <Rubric>
                    <Id>22</Id>
                    <Title>Dépenses</Title>
                    <Rubrics>
                        <Rubric>
                            <Id>221</Id>
                            <Title>Montant</Title>
                        </Rubric>
                        <Rubric>
                            <Id>222</Id>
                            <Title>Date</Title>
                        </Rubric>
                        <Rubric>
                            <Id>223</Id>
                            <Title>Commentaire</Title>
                        </Rubric>
                    </Rubrics>
                </Rubric>
            </Rubrics>
        </Dimension>
    </Dimensions>
    <ComputedFeatures>
        <ComputedFeature>
            <!-- Somme budget terrain -->
            <Membership>
                <Dim>
                    <DimRef>1</DimRef>
                    <RubRef>11</RubRef>
                </Dim>
                <Dim>
                    <DimRef>2</DimRef>
                    <RubRef>21</RubRef>
                </Dim>
            </Membership>
            <Calculation>sum of rubrics 21 (Budget)</Calculation>
        </ComputedFeature>
        <ComputedFeature>
            <!-- Somme budget aménagement extérieur -->
            <Membership>
                <Dim>
                    <DimRef>1</DimRef>
                    <RubRef>113</RubRef> <!-- Aménagement extérieur -->
                </Dim>
                <Dim>
                    <DimRef>2</DimRef>
                    <RubRef>21</RubRef>
                </Dim>
            </Membership>
            <Calculation>sum of rubrics 21 (Budget)</Calculation>
        </ComputedFeature>
        <ComputedFeature>
            <!-- Somme dépenses terrain -->
            <Membership>
                <Dim>
                    <DimRef>1</DimRef>
                    <RubRef>11</RubRef>
                </Dim>
                <Dim>
                    <DimRef>2</DimRef>
                    <RubRef>221</RubRef>
                </Dim>
            </Membership>
            <Calculation>sum of rubrics 221 (Dépenses/Montant)</Calculation>
        </ComputedFeature>
        <ComputedFeature>
            <!-- Somme dépenses aménagement extérieur -->
            <Membership>
                <Dim>
                    <DimRef>1</DimRef>
                    <RubRef>113</RubRef>
                </Dim>
                <Dim>
                    <DimRef>2</DimRef>
                    <RubRef>221</RubRef>
                </Dim>
            </Membership>
            <Calculation>sum of rubrics 221 (Dépenses/Montant)</Calculation>
        </ComputedFeature>
        <ComputedFeature>
            <!-- Somme dépenses arbres -->
            <Membership>
                <Dim>
                    <DimRef>1</DimRef>
                    <RubRef>1132</RubRef>
                </Dim>
                <Dim>
                    <DimRef>2</DimRef>
                    <RubRef>221</RubRef>
                </Dim>
            </Membership>
            <Calculation>sum of rubrics 221 (Dépenses/Montant)</Calculation>
        </ComputedFeature>
    </ComputedFeatures>
    <Information>
        <!-- Terrain / Etude de sol -->
        <Chunk>
            <Content>
                <Value>5000</Value>
            </Content>
            <Membership>
                <Dim>
                    <DimRef>1</DimRef>
                    <RubRef>111</RubRef>
                </Dim>
                <Dim>
                    <DimRef>2</DimRef>
                    <RubRef>21</RubRef>
                </Dim>
            </Membership>
        </Chunk>
        <Chunk>
            <Content>
                <Value>4500</Value>
            </Content>
            <Membership>
                <Dim>
                    <DimRef>1</DimRef>
                    <RubRef>111</RubRef>
                </Dim>
                <Dim>
                    <DimRef>2</DimRef>
                    <RubRef>221</RubRef>
                </Dim>
            </Membership>
        </Chunk>
        <Chunk>
            <Content>
                <Value>01.01.2023</Value>
            </Content>
            <Membership>
                <Dim>
                    <DimRef>1</DimRef>
                    <RubRef>111</RubRef>
                </Dim>
                <Dim>
                    <DimRef>2</DimRef>
                    <RubRef>222</RubRef>
                </Dim>
            </Membership>
        </Chunk>
        <Chunk>
            <Content>
                <Value></Value>
            </Content>
            <Membership>
                <Dim>
                    <DimRef>1</DimRef>
                    <RubRef>111</RubRef>
                </Dim>
                <Dim>
                    <DimRef>2</DimRef>
                    <RubRef>223</RubRef>
                </Dim>
            </Membership>
        </Chunk>
        <!-- Terrain / Terrassement -->
        <Chunk>
            <Content>
                <Value>23000</Value>
            </Content>
            <Membership>
                <Dim>
                    <DimRef>1</DimRef>
                    <RubRef>112</RubRef>
                </Dim>
                <Dim>
                    <DimRef>2</DimRef>
                    <RubRef>21</RubRef>
                </Dim>
            </Membership>
        </Chunk>
        <Chunk>
            <Content>
                <Value>25000</Value>
            </Content>
            <Membership>
                <Dim>
                    <DimRef>1</DimRef>
                    <RubRef>112</RubRef>
                </Dim>
                <Dim>
                    <DimRef>2</DimRef>
                    <RubRef>221</RubRef>
                </Dim>
            </Membership>
        </Chunk>
        <Chunk>
            <Content>
                <Value>03.03.2023</Value>
            </Content>
            <Membership>
                <Dim>
                    <DimRef>1</DimRef>
                    <RubRef>112</RubRef>
                </Dim>
                <Dim>
                    <DimRef>2</DimRef>
                    <RubRef>222</RubRef>
                </Dim>
            </Membership>
        </Chunk>
        <Chunk>
            <Content>
                <Value></Value>
            </Content>
            <Membership>
                <Dim>
                    <DimRef>1</DimRef>
                    <RubRef>112</RubRef>
                </Dim>
                <Dim>
                    <DimRef>2</DimRef>
                    <RubRef>223</RubRef>
                </Dim>
            </Membership>
        </Chunk>
        <!-- Terrain / Aménagement extérieur / Apport terre -->
        <Chunk>
            <Content>
                <Value>2000</Value>
            </Content>
            <Membership>
                <Dim>
                    <DimRef>1</DimRef>
                    <RubRef>1131</RubRef>
                </Dim>
                <Dim>
                    <DimRef>2</DimRef>
                    <RubRef>21</RubRef>
                </Dim>
            </Membership>
        </Chunk>
        <Chunk>
            <Content>
                <Value>2000</Value>
            </Content>
            <Membership>
                <Dim>
                    <DimRef>1</DimRef>
                    <RubRef>1131</RubRef>
                </Dim>
                <Dim>
                    <DimRef>2</DimRef>
                    <RubRef>221</RubRef>
                </Dim>
            </Membership>
        </Chunk>
        <Chunk>
            <Content>
                <Value>20.03.2024</Value>
            </Content>
            <Membership>
                <Dim>
                    <DimRef>1</DimRef>
                    <RubRef>1131</RubRef>
                </Dim>
                <Dim>
                    <DimRef>2</DimRef>
                    <RubRef>222</RubRef>
                </Dim>
            </Membership>
        </Chunk>
        <Chunk>
            <Content>
                <Value></Value>
            </Content>
            <Membership>
                <Dim>
                    <DimRef>1</DimRef>
                    <RubRef>1131</RubRef>
                </Dim>
                <Dim>
                    <DimRef>2</DimRef>
                    <RubRef>223</RubRef>
                </Dim>
            </Membership>
        </Chunk>
        <!-- Terrain / Aménagement extérieur / Arbres -->
        <Chunk>
            <Content>
                <Value>1500</Value>
            </Content>
            <Membership>
                <Dim>
                    <DimRef>1</DimRef>
                    <RubRef>1132</RubRef>
                </Dim>
                <Dim>
                    <DimRef>2</DimRef>
                    <RubRef>21</RubRef>
                </Dim>
            </Membership>
        </Chunk>
        <AggregatedChunks>
            <AggregatedChunk>
                <Chunk>
                    <Content>
                        <Value>1000</Value>
                    </Content>
                    <Membership>
                        <Dim>
                            <DimRef>1</DimRef>
                            <RubRef>1132</RubRef>
                        </Dim>
                        <Dim>
                            <DimRef>2</DimRef>
                            <RubRef>221</RubRef>
                        </Dim>
                    </Membership>
                </Chunk>
                <Chunk>
                    <Content>
                        <Value>01.05.2024</Value>
                    </Content>
                    <Membership>
                        <Dim>
                            <DimRef>1</DimRef>
                            <RubRef>1132</RubRef>
                        </Dim>
                        <Dim>
                            <DimRef>2</DimRef>
                            <RubRef>222</RubRef>
                        </Dim>
                    </Membership>
                </Chunk>
                <Chunk>
                    <Content>
                        <Value>1ère livraison</Value>
                    </Content>
                    <Membership>
                        <Dim>
                            <DimRef>1</DimRef>
                            <RubRef>1132</RubRef>
                        </Dim>
                        <Dim>
                            <DimRef>2</DimRef>
                            <RubRef>223</RubRef>
                        </Dim>
                    </Membership>
                </Chunk>
            </AggregatedChunk>
            <AggregatedChunk>
                <Chunk>
                    <Content>
                        <Value>500</Value>
                    </Content>
                    <Membership>
                        <Dim>
                            <DimRef>1</DimRef>
                            <RubRef>1132</RubRef>
                        </Dim>
                        <Dim>
                            <DimRef>2</DimRef>
                            <RubRef>221</RubRef>
                        </Dim>
                    </Membership>
                </Chunk>
                <Chunk>
                    <Content>
                        <Value>15.05.2024</Value>
                    </Content>
                    <Membership>
                        <Dim>
                            <DimRef>1</DimRef>
                            <RubRef>1132</RubRef>
                        </Dim>
                        <Dim>
                            <DimRef>2</DimRef>
                            <RubRef>222</RubRef>
                        </Dim>
                    </Membership>
                </Chunk>
                <Chunk>
                    <Content>
                        <Value>2ème livraison</Value>
                    </Content>
                    <Membership>
                        <Dim>
                            <DimRef>1</DimRef>
                            <RubRef>1132</RubRef>
                        </Dim>
                        <Dim>
                            <DimRef>2</DimRef>
                            <RubRef>223</RubRef>
                        </Dim>
                    </Membership>
                </Chunk>
            </AggregatedChunk>
        </AggregatedChunks>
        
        <!-- Terrain / Aménagement extérieur / Gazon -->
        <Chunk>
            <Content>
                <Value>2000</Value>
            </Content>
            <Membership>
                <Dim>
                    <DimRef>1</DimRef>
                    <RubRef>1133</RubRef>
                </Dim>
                <Dim>
                    <DimRef>2</DimRef>
                    <RubRef>21</RubRef>
                </Dim>
            </Membership>
        </Chunk>
        <Chunk>
            <Content>
                <Value>0</Value>
            </Content>
            <Membership>
                <Dim>
                    <DimRef>1</DimRef>
                    <RubRef>1133</RubRef>
                </Dim>
                <Dim>
                    <DimRef>2</DimRef>
                    <RubRef>221</RubRef>
                </Dim>
            </Membership>
        </Chunk>
        <Chunk>
            <Content>
                <Value></Value>
            </Content>
            <Membership>
                <Dim>
                    <DimRef>1</DimRef>
                    <RubRef>1133</RubRef>
                </Dim>
                <Dim>
                    <DimRef>2</DimRef>
                    <RubRef>222</RubRef>
                </Dim>
            </Membership>
        </Chunk>
        <Chunk>
            <Content>
                <Value></Value>
            </Content>
            <Membership>
                <Dim>
                    <DimRef>1</DimRef>
                    <RubRef>1133</RubRef>
                </Dim>
                <Dim>
                    <DimRef>2</DimRef>
                    <RubRef>223</RubRef>
                </Dim>
            </Membership>
        </Chunk>
        <!-- Permis construction / Plan de situation -->
        <Chunk>
            <Content>
                <Value>1000</Value>
            </Content>
            <Membership>
                <Dim>
                    <DimRef>1</DimRef>
                    <RubRef>121</RubRef>
                </Dim>
                <Dim>
                    <DimRef>2</DimRef>
                    <RubRef>21</RubRef>
                </Dim>
            </Membership>
        </Chunk>
        <Chunk>
            <Content>
                <Value>1000</Value>
            </Content>
            <Membership>
                <Dim>
                    <DimRef>1</DimRef>
                    <RubRef>121</RubRef>
                </Dim>
                <Dim>
                    <DimRef>2</DimRef>
                    <RubRef>221</RubRef>
                </Dim>
            </Membership>
        </Chunk>
        <Chunk>
            <Content>
                <Value>01.02.2023</Value>
            </Content>
            <Membership>
                <Dim>
                    <DimRef>1</DimRef>
                    <RubRef>121</RubRef>
                </Dim>
                <Dim>
                    <DimRef>2</DimRef>
                    <RubRef>222</RubRef>
                </Dim>
            </Membership>
        </Chunk>
        <Chunk>
            <Content>
                <Value></Value>
            </Content>
            <Membership>
                <Dim>
                    <DimRef>1</DimRef>
                    <RubRef>121</RubRef>
                </Dim>
                <Dim>
                    <DimRef>2</DimRef>
                    <RubRef>223</RubRef>
                </Dim>
            </Membership>
        </Chunk>
        <!-- Permis construction / Emolument communal -->
        <Chunk>
            <Content>
                <Value>500</Value>
            </Content>
            <Membership>
                <Dim>
                    <DimRef>1</DimRef>
                    <RubRef>122</RubRef>
                </Dim>
                <Dim>
                    <DimRef>2</DimRef>
                    <RubRef>21</RubRef>
                </Dim>
            </Membership>
        </Chunk>
        <Chunk>
            <Content>
                <Value>500</Value>
            </Content>
            <Membership>
                <Dim>
                    <DimRef>1</DimRef>
                    <RubRef>122</RubRef>
                </Dim>
                <Dim>
                    <DimRef>2</DimRef>
                    <RubRef>221</RubRef>
                </Dim>
            </Membership>
        </Chunk>
        <Chunk>
            <Content>
                <Value>01.05.2023</Value>
            </Content>
            <Membership>
                <Dim>
                    <DimRef>1</DimRef>
                    <RubRef>122</RubRef>
                </Dim>
                <Dim>
                    <DimRef>2</DimRef>
                    <RubRef>222</RubRef>
                </Dim>
            </Membership>
        </Chunk>
        <Chunk>
            <Content>
                <Value></Value>
            </Content>
            <Membership>
                <Dim>
                    <DimRef>1</DimRef>
                    <RubRef>122</RubRef>
                </Dim>
                <Dim>
                    <DimRef>2</DimRef>
                    <RubRef>223</RubRef>
                </Dim>
            </Membership>
        </Chunk>
        <!-- Permis construction / Publication feuille officielle -->
        <Chunk>
            <Content>
                <Value>170</Value>
            </Content>
            <Membership>
                <Dim>
                    <DimRef>1</DimRef>
                    <RubRef>123</RubRef>
                </Dim>
                <Dim>
                    <DimRef>2</DimRef>
                    <RubRef>21</RubRef>
                </Dim>
            </Membership>
        </Chunk>
        <Chunk>
            <Content>
                <Value>170</Value>
            </Content>
            <Membership>
                <Dim>
                    <DimRef>1</DimRef>
                    <RubRef>123</RubRef>
                </Dim>
                <Dim>
                    <DimRef>2</DimRef>
                    <RubRef>221</RubRef>
                </Dim>
            </Membership>
        </Chunk>
        <Chunk>
            <Content>
                <Value>01.06.2023</Value>
            </Content>
            <Membership>
                <Dim>
                    <DimRef>1</DimRef>
                    <RubRef>123</RubRef>
                </Dim>
                <Dim>
                    <DimRef>2</DimRef>
                    <RubRef>222</RubRef>
                </Dim>
            </Membership>
        </Chunk>
        <Chunk>
            <Content>
                <Value></Value>
            </Content>
            <Membership>
                <Dim>
                    <DimRef>1</DimRef>
                    <RubRef>123</RubRef>
                </Dim>
                <Dim>
                    <DimRef>2</DimRef>
                    <RubRef>223</RubRef>
                </Dim>
            </Membership>
        </Chunk>
        <!-- Permis construction / Gabarits -->
        <Chunk>
            <Content>
                <Value>3000</Value>
            </Content>
            <Membership>
                <Dim>
                    <DimRef>1</DimRef>
                    <RubRef>124</RubRef>
                </Dim>
                <Dim>
                    <DimRef>2</DimRef>
                    <RubRef>21</RubRef>
                </Dim>
            </Membership>
        </Chunk>
        <Chunk>
            <Content>
                <Value>2500</Value>
            </Content>
            <Membership>
                <Dim>
                    <DimRef>1</DimRef>
                    <RubRef>124</RubRef>
                </Dim>
                <Dim>
                    <DimRef>2</DimRef>
                    <RubRef>221</RubRef>
                </Dim>
            </Membership>
        </Chunk>
        <Chunk>
            <Content>
                <Value>05.06.2023</Value>
            </Content>
            <Membership>
                <Dim>
                    <DimRef>1</DimRef>
                    <RubRef>124</RubRef>
                </Dim>
                <Dim>
                    <DimRef>2</DimRef>
                    <RubRef>223</RubRef>
                </Dim>
            </Membership>
        </Chunk>
        <!-- Maçonnerie -->
        <Chunk>
            <Content>
                <Value>10000</Value>
            </Content>
            <Membership>
                <Dim>
                    <DimRef>1</DimRef>
                    <RubRef>13</RubRef>
                </Dim>
                <Dim>
                    <DimRef>2</DimRef>
                    <RubRef>21</RubRef>
                </Dim>
            </Membership>
        </Chunk>
        <AggregatedChunks>
            <AggregatedChunk>
                <Chunk>
                    <Content>
                        <Value>40000</Value>
                    </Content>
                    <Membership>
                        <Dim>
                            <DimRef>1</DimRef>
                            <RubRef>13</RubRef>
                        </Dim>
                        <Dim>
                            <DimRef>2</DimRef>
                            <RubRef>221</RubRef>
                        </Dim>
                    </Membership>
                </Chunk>
                <Chunk>
                    <Content>
                        <Value>14.07.2024</Value>
                    </Content>
                    <Membership>
                        <Dim>
                            <DimRef>1</DimRef>
                            <RubRef>13</RubRef>
                        </Dim>
                        <Dim>
                            <DimRef>2</DimRef>
                            <RubRef>222</RubRef>
                        </Dim>
                    </Membership>
                </Chunk>
                <Chunk>
                    <Content>
                        <Value>1er acompte</Value>
                    </Content>
                    <Membership>
                        <Dim>
                            <DimRef>1</DimRef>
                            <RubRef>13</RubRef>
                        </Dim>
                        <Dim>
                            <DimRef>2</DimRef>
                            <RubRef>223</RubRef>
                        </Dim>
                    </Membership>
                </Chunk>
            </AggregatedChunk>
            <AggregatedChunk>
                <Chunk>
                    <Content>
                        <Value>20000</Value>
                    </Content>
                    <Membership>
                        <Dim>
                            <DimRef>1</DimRef>
                            <RubRef>13</RubRef>
                        </Dim>
                        <Dim>
                            <DimRef>2</DimRef>
                            <RubRef>221</RubRef>
                        </Dim>
                    </Membership>
                </Chunk>
                <Chunk>
                    <Content>
                        <Value>07.08.2024</Value>
                    </Content>
                    <Membership>
                        <Dim>
                            <DimRef>1</DimRef>
                            <RubRef>13</RubRef>
                        </Dim>
                        <Dim>
                            <DimRef>2</DimRef>
                            <RubRef>222</RubRef>
                        </Dim>
                    </Membership>
                </Chunk>
                <Chunk>
                    <Content>
                        <Value>2eme acompte</Value>
                    </Content>
                    <Membership>
                        <Dim>
                            <DimRef>1</DimRef>
                            <RubRef>13</RubRef>
                        </Dim>
                        <Dim>
                            <DimRef>2</DimRef>
                            <RubRef>223</RubRef>
                        </Dim>
                    </Membership>
                </Chunk>
            </AggregatedChunk>
        </AggregatedChunks>
    </Information>
</Table>
